Date,Open,High,Low,Close,Adj Close,Volume
1/3/2017,43.279999,43.459999,42.134998,42.82,42.82,705400
1/4/2017,43.259998,44.419998,42.849998,44.139999,44.139999,848100
1/5/2017,44.470001,47.939999,44.25,47.68,47.68,5070200
1/6/2017,47.360001,47.650002,45.700001,46.900002,46.900002,2061300
1/9/2017,47.110001,47.540001,46.700001,47.18,47.18,921100
1/10/2017,47.02,49.130001,47.02,47.869999,47.869999,1600900
1/11/2017,47.93,48.709999,47.280998,48.330002,48.330002,947600
1/12/2017,48.639999,48.849998,47.610001,48.580002,48.580002,928900
1/13/2017,48.580002,49.43,48.02,48.099998,48.099998,1054200
1/17/2017,48.830002,49.75,48.310001,49.52,49.52,1306000
1/18/2017,49.66,50,49.040001,49.98,49.98,845700
1/19/2017,50.119999,51.130001,49.900002,50.66,50.66,1000300
1/20/2017,50.77,51.369999,49.870998,50.09,50.09,916300
1/23/2017,50.099998,50.349998,49.25,49.439999,49.439999,871600
1/24/2017,49.860001,50,48.93,49.419998,49.419998,852300
1/25/2017,50.110001,51.98,50.02,51.360001,51.360001,1116200
1/26/2017,51.810001,52,50.650002,51.009998,51.009998,837100
1/27/2017,51,51.639999,51,51.540001,51.540001,532300
1/30/2017,51.610001,51.73,49.970001,50.700001,50.700001,937700
1/31/2017,50.34,50.849998,50.169998,50.82,50.82,704300
2/1/2017,51.639999,51.707001,50.619999,51.189999,51.189999,551900
2/2/2017,51.18,52.650002,51.040001,52.32,52.32,954800
2/3/2017,52.610001,52.630001,51.400002,52.119999,52.119999,768900
2/6/2017,52.189999,52.740002,51.459999,52.68,52.68,421000
2/7/2017,52.990002,53.66,52.650002,53.130001,53.130001,680900
2/8/2017,53.59,53.639999,52.73,53.369999,53.369999,704300
2/9/2017,53.75,55,53.75,54.610001,54.610001,900000
2/10/2017,55.23,56.25,54.900002,55.220001,55.220001,1785200
2/13/2017,56.009998,57.16,55.32,56.049999,56.049999,2540800
2/14/2017,56.32,56.32,55.150002,56.049999,56.049999,1966600
2/15/2017,54.869999,61.490002,54.299999,60.610001,60.610001,5696900
2/16/2017,61.18,62.470001,59.560001,60.970001,60.970001,2186600
2/17/2017,60.759998,61.68,60.029999,61.52,61.52,1194300
2/21/2017,62.150002,63.93,61.860001,63.080002,63.080002,1951500
2/22/2017,63,63.799999,61.779999,63.59,63.59,1198400
2/23/2017,64.169998,64.360001,61.830002,62.73,62.73,1469700
2/24/2017,62.02,62.279999,60.591,61.75,61.75,1168400
2/27/2017,61.799999,61.869999,59.82,59.93,59.93,1534300
2/28/2017,59.470001,60.84,59.150002,59.209999,59.209999,1134200
3/1/2017,60.169998,60.169998,59.02,59.650002,59.650002,1101800
3/2/2017,59.720001,60.650002,59.48,59.669998,59.669998,964100
3/3/2017,59.639999,60.380001,59.119999,60.290001,60.290001,989300
3/6/2017,59.939999,60.259998,58.626999,59.32,59.32,698500
3/7/2017,59.290001,60.66,59.200001,60.130001,60.130001,1083400
3/8/2017,60.25,61.5,60.080002,60.91,60.91,875100
3/9/2017,61.060001,62.529999,60.715,62.389999,62.389999,995900
3/10/2017,63.400002,64.330002,62.5,64.150002,64.150002,1218000
3/13/2017,64.379997,65.209999,63.959999,64.93,64.93,1003200
3/14/2017,64.620003,64.730003,63.52,63.830002,63.830002,701800
3/15/2017,64.029999,64.989998,63.080002,64.839996,64.839996,882300
3/16/2017,65.010002,65.300003,64.559998,64.989998,64.989998,541000
3/17/2017,65.489998,67.389999,65.279999,66.989998,66.989998,1494600
3/20/2017,67.360001,68.916,67.199997,68.860001,68.860001,1805900
3/21/2017,69.93,71.57,66.839996,67.190002,67.190002,3630400
3/22/2017,66.970001,67.480003,64.75,66.709999,66.709999,1445800
3/23/2017,66.809998,68.300003,66.730003,67.580002,67.580002,1307600
3/24/2017,68.010002,70.108002,67.690002,68.980003,68.980003,1462500
3/27/2017,68.300003,70.75,67.330002,70.400002,70.400002,1620900
3/28/2017,70.660004,73,70.551003,72.370003,72.370003,1740800
3/29/2017,72.779999,72.989998,70.800003,72.720001,72.720001,1565400
3/30/2017,72.690002,72.864998,68.720001,69.050003,69.050003,3092500
3/31/2017,67.860001,69.440002,67.050003,68.089996,68.089996,2664200
4/3/2017,68.160004,69.348999,67.220001,69.230003,69.230003,1387900
4/4/2017,69.230003,70,68.160004,68.529999,68.529999,1013600
4/5/2017,68.849998,69.639999,67.730003,67.889999,67.889999,1013700
4/6/2017,67.910004,68.875,67.910004,68.519997,68.519997,840200
4/7/2017,68.580002,68.982002,68.279999,68.709999,68.709999,475000
4/10/2017,69.089996,70.059998,68.75,69.279999,69.279999,996100
4/11/2017,69.120003,69.699997,67.449997,69.059998,69.059998,965900
4/12/2017,69,70.07,68.931,69.25,69.25,761500
4/13/2017,69.330002,71.879997,69.080002,70.629997,70.629997,1643000
4/17/2017,71.459999,72.260002,70.779999,71.699997,71.699997,1018900
4/18/2017,71.699997,72.199997,70.862999,71.580002,71.580002,824900
4/19/2017,71.900002,73.5,71.699997,72.639999,72.639999,1215500
4/20/2017,73.400002,76.25,73.260002,76.059998,76.059998,1667900
4/21/2017,77.620003,77.790001,74.970001,76.379997,76.379997,1777400
4/24/2017,77.940002,78.190002,75.199997,75.830002,75.830002,1564800
4/25/2017,76.029999,76.760002,74.459999,76.650002,76.650002,1765000
4/26/2017,75.040001,75.169998,72.330002,74.120003,74.120003,2013200
4/27/2017,73.389999,74.400002,71.269997,73.089996,73.089996,1754600
4/28/2017,73.32,76.040001,73.150002,75.949997,75.949997,1903100
5/1/2017,75.699997,77.779999,74.82,77.260002,77.260002,2513400
5/2/2017,80.410004,84.580002,77.570999,82.980003,82.980003,6148400
5/3/2017,81.790001,83.559998,80.720001,81.720001,81.720001,2184800
5/4/2017,82.93,82.93,81.040001,81.349998,81.349998,1398100
5/5/2017,81.720001,85.82,81.720001,85.529999,85.529999,1862100
5/8/2017,87.019997,87.252998,85.599998,86.779999,86.779999,2034800
5/9/2017,87.25,91.129997,86.849998,89.150002,89.150002,2519400
5/10/2017,89.519997,93.529999,89.510002,93.059998,93.059998,2264200
5/11/2017,93.25,93.559998,88.800003,92.019997,92.019997,2857500
5/12/2017,91.949997,94.940002,91,93.580002,93.580002,1814100
5/15/2017,94.440002,95.879997,93.510002,94.239998,94.239998,2327200
5/16/2017,94.959999,95.849998,92.599998,94.93,94.93,2276700
5/17/2017,93.050003,93.25,89.57,89.839996,89.839996,3353000
5/18/2017,83.169998,92.980003,81,92.110001,92.110001,7979600
5/19/2017,90.599998,91.889999,87.5,88.870003,88.870003,7890900
5/22/2017,89.940002,90.900002,88.610001,89.599998,89.599998,1796200
5/23/2017,90.860001,91.25,89.629997,90.019997,90.019997,1991300
5/24/2017,90.190002,91.5,90.07,90.809998,90.809998,1243100
5/25/2017,91.349998,91.949997,89.349998,90.220001,90.220001,1495500
5/26/2017,90.260002,91.110001,90,90.739998,90.739998,1099000
5/30/2017,91.099998,93.239998,89.690002,90.57,90.57,1970300
5/31/2017,90.879997,92.279999,88.919998,91.860001,91.860001,2488700
6/1/2017,92.489998,93.699997,90.540001,93.440002,93.440002,1831800
6/2/2017,93.699997,97.849998,93.449997,97.529999,97.529999,3166600
6/5/2017,98.349998,99.379997,96.110001,97.480003,97.480003,2128300
6/6/2017,96.959999,99.779999,96.370003,98.610001,98.610001,1948700
6/7/2017,98.900002,99.599998,96.510002,96.989998,96.989998,1835100
6/8/2017,97.279999,98.860001,95.639999,98.839996,98.839996,1401200
6/9/2017,98.699997,100.800003,89.309998,91.449997,91.449997,4656300
6/12/2017,90.010002,90.290001,82.510002,88.889999,88.889999,5244400
6/13/2017,87.389999,90.559998,84.475998,86.93,86.93,3955500
6/14/2017,87.470001,88.199997,84.43,85.360001,85.360001,2123600
6/15/2017,81.900002,85.540001,81.550003,85.480003,85.480003,2896100
6/16/2017,86.959999,88.190002,85.68,86.93,86.93,2499200
6/19/2017,88.279999,90.839996,87.790001,90.559998,90.559998,2183500
6/20/2017,91.110001,91.849998,88.610001,88.940002,88.940002,1548900
6/21/2017,89.239998,91.779999,89.199997,91.25,91.25,1497400
6/22/2017,91.32,92.110001,90.269997,91.370003,91.370003,1013300
6/23/2017,91.040001,95.199997,90.5,94.480003,94.480003,1462700
6/26/2017,95.110001,96.980003,90.269997,92.040001,92.040001,1953800
6/27/2017,91.239998,92.199997,86.800003,87.040001,87.040001,2175900
6/28/2017,87.830002,89.589996,85.510002,89.519997,89.519997,2048200
6/29/2017,88.970001,88.970001,83.160004,86.400002,86.400002,2720300
6/30/2017,85.860001,88,85.639999,86.900002,86.900002,1697500
7/3/2017,87.150002,87.910004,84.800003,86,86,887200
7/5/2017,85.629997,89.470001,85.580002,88.110001,88.110001,1783800
7/6/2017,86.639999,87.830002,85.809998,86.209999,86.209999,1213000
7/7/2017,87.18,89.230003,87,88.989998,88.989998,1022200
7/10/2017,89.099998,91.480003,88.288002,90.989998,90.989998,1284400
7/11/2017,90.760002,92.57,90.171997,91.290001,91.290001,1259700
7/12/2017,92.150002,95.169998,92,94.68,94.68,1760100
7/13/2017,95.739998,96.800003,92.510002,93.019997,93.019997,1790000
7/14/2017,93.830002,93.889999,91.699997,92.410004,92.410004,1021700
7/17/2017,92.220001,93.300003,89.634003,90.489998,90.489998,1520600
7/18/2017,91.290001,93.903,90.110001,93.18,93.18,1432400
7/19/2017,93.739998,94.5,91.300003,91.900002,91.900002,1394300
7/20/2017,92.43,92.830002,90.190002,90.870003,90.870003,961500
7/21/2017,90.449997,91.260002,89.330002,89.419998,89.419998,1400800
7/24/2017,89.870003,93.650002,89.489998,93.610001,93.610001,1466500
7/25/2017,93.559998,93.650002,90.699997,92.160004,92.160004,1197500
7/26/2017,92.949997,95,92.849998,93.919998,93.919998,1163800
7/27/2017,94.699997,95.5,88.639999,90.43,90.43,2221000
7/28/2017,89.550003,93.419998,88.291,92.980003,92.980003,1414100
7/31/2017,93.669998,94.519997,91.360001,92.370003,92.370003,2497700
8/1/2017,103.919998,105.790001,98.599998,104.080002,104.080002,9672300
8/2/2017,104.5,104.540001,97.290001,98.349998,98.349998,4507800
8/3/2017,99.5,99.889999,96.559998,97.160004,97.160004,2285500
8/4/2017,97.32,98.440002,96.029999,96.279999,96.279999,1479200
8/7/2017,96.449997,99.099998,96.43,97.790001,97.790001,1077600
8/8/2017,97.93,98.900002,96,96.510002,96.510002,1467400
8/9/2017,95.18,96.449997,94.209999,95.190002,95.190002,1750700
8/10/2017,94.480003,94.480003,88.209999,88.400002,88.400002,3396600
8/11/2017,88.510002,93,88.5,91.709999,91.709999,1951100
8/14/2017,93.290001,95.5,93.25,94.059998,94.059998,1680600
8/15/2017,94.260002,94.569,92.769997,93.150002,93.150002,807100
8/16/2017,93.629997,94.870003,93.010002,94.610001,94.610001,750000
8/17/2017,94.389999,95.720001,93.470001,93.5,93.5,1398400
8/18/2017,93.57,95.148003,93.021004,94.580002,94.580002,988600
8/21/2017,94.580002,96.470001,94.5,96.269997,96.269997,1127500
8/22/2017,96.910004,98.910004,96.620003,98.610001,98.610001,1357700
8/23/2017,97.82,102.800003,97.139999,102.459999,102.459999,2374300
8/24/2017,102.900002,106.900002,102.75,106.529999,106.529999,3377800
8/25/2017,106.830002,107,102.75,103.739998,103.739998,1722800
8/28/2017,103.959999,104.93,101.620003,103.790001,103.790001,1112400
8/29/2017,101.699997,105,101.330002,104.370003,104.370003,1137200
8/30/2017,104.760002,108.769997,104.599998,108.440002,108.440002,1538500
8/31/2017,109.260002,111.57,108.309998,110.919998,110.919998,1604300
9/1/2017,111.809998,112,109.860001,110.860001,110.860001,1022200
9/5/2017,109.970001,112,108.029999,110.669998,110.669998,1563200
9/6/2017,110.900002,111.940002,108.75,110.220001,110.220001,1140300
9/7/2017,110.470001,113.529999,110.139999,113.459999,113.459999,1138500
9/8/2017,113.290001,114.879997,112.400002,113.610001,113.610001,924500
9/11/2017,115.440002,118.603996,114.900002,117.989998,117.989998,1428800
9/12/2017,118.940002,120.82,116.879997,120.5,120.5,1770500
9/13/2017,120.529999,122.5,117.93,119.209999,119.209999,2006000
9/14/2017,119.330002,121,116.610001,120.199997,120.199997,1066400
9/15/2017,120.019997,121.209999,119.375,120.260002,120.260002,847900
9/18/2017,120.800003,123.940002,120.700996,122.419998,122.419998,1373900
9/19/2017,123.330002,123.879997,122.139999,122.940002,122.940002,785200
9/20/2017,122.82,123.629997,117.400002,119.290001,119.290001,1828400
9/21/2017,118.860001,120.837997,116.260002,120.150002,120.150002,1290200
9/22/2017,119.669998,121.459999,118.529999,120.269997,120.269997,760100
9/25/2017,119.849998,119.879997,113.510002,114.470001,114.470001,2317000
9/26/2017,116.099998,117.709999,111.879997,113.379997,113.379997,1807000
9/27/2017,114.940002,118.690002,114.099998,117.400002,117.400002,1580000
9/28/2017,117.519997,117.68,115.120003,116.449997,116.449997,889100
9/29/2017,116.610001,117.760002,115.300003,116.489998,116.489998,867100
10/2/2017,117,119.669998,116.739998,119,119,1116700
10/3/2017,119.900002,120.690002,116.325996,116.809998,116.809998,1688300
10/4/2017,116.830002,116.93,100.75,103.300003,103.300003,20895900
10/5/2017,97.529999,103.43,93.309998,100.43,100.43,19780700
10/6/2017,98,100.199997,95.559998,97.919998,97.919998,7779700
10/9/2017,96.519997,98.489998,96.040001,97.379997,97.379997,2968000
10/10/2017,97.269997,99,89.349998,92.57,92.57,11373200
10/11/2017,91.910004,96.669998,91.900002,95.019997,95.019997,6215000
10/12/2017,96.300003,97.300003,94.129997,94.360001,94.360001,3517200
10/13/2017,94.400002,95.237,93.697998,94.220001,94.220001,1760500
10/16/2017,94.5,97.211998,93.339996,96.980003,96.980003,2952400
10/17/2017,97,97.510002,95.400002,96.209999,96.209999,2475400
10/18/2017,96.07,99.699997,95.900002,98.93,98.93,2496400
10/19/2017,98.169998,98.5,96.25,98.25,98.25,1986000
10/20/2017,98.599998,102.5,98.550003,102.099998,102.099998,3293000
10/23/2017,103.089996,104.139999,101.400002,102.910004,102.910004,2429200
10/24/2017,102.889999,107.480003,102.889999,106.410004,106.410004,2878200
10/25/2017,107.25,108.529999,100.700996,102.989998,102.989998,4140500
10/26/2017,103.010002,105.5,102.720001,104.110001,104.110001,1566800
10/27/2017,106.690002,108,105.199997,107.269997,107.269997,2341800
10/30/2017,108.290001,109.449997,105.169998,109.360001,109.360001,3249700
10/31/2017,101.379997,104.809998,94.510002,99.489998,99.489998,12927100
11/1/2017,99.739998,100.5,95,96.199997,96.199997,5505100
11/2/2017,95.050003,100.809998,95.014999,99.889999,99.889999,2679900
11/3/2017,100.760002,101.904999,98.519997,98.709999,98.709999,1969600
11/6/2017,100,100.800003,99,99.839996,99.839996,1384300
11/7/2017,99.110001,100.480003,98.309998,99.709999,99.709999,1089400
11/8/2017,99.029999,99.989998,98.514999,99.400002,99.400002,862600
11/9/2017,98.370003,98.650002,95.550003,97.029999,97.029999,1680300
11/10/2017,96.790001,100.879997,96.508003,100.010002,100.010002,1754900
11/13/2017,99.019997,99.25,97.769997,98.769997,98.769997,1046000
11/14/2017,97.559998,99.980003,97.480003,98.970001,98.970001,850600
11/15/2017,97.239998,99.419998,97.199997,98.040001,98.040001,922400
11/16/2017,98.660004,104.769997,98.519997,103.889999,103.889999,2765800
11/17/2017,104.120003,105.694,103.233002,104.889999,104.889999,1230800
11/20/2017,105,108.980003,104.889999,108.559998,108.559998,2098600
11/21/2017,110.029999,112.379997,109.650002,110.169998,110.169998,1905500
11/22/2017,110.5,111.522003,107.559998,110.410004,110.410004,997000
11/24/2017,111.089996,112.629997,110.599998,111.809998,111.809998,649900
11/27/2017,114.510002,117.07,113.195,113.360001,113.360001,2331900
11/28/2017,114.059998,114.147003,110.510002,112.089996,112.089996,1392900
11/29/2017,111.610001,111.879997,100.589996,103.669998,103.669998,3830000
11/30/2017,105.610001,105.815002,103.150002,103.82,103.82,1160100
12/1/2017,103.900002,104.769997,100.099998,103.269997,103.269997,1415800
12/4/2017,105.269997,105.269997,96.190002,96.620003,96.620003,2740800
12/5/2017,96.677002,98.580002,92.410004,95.279999,95.279999,2454500
12/6/2017,94.900002,96.620003,93.820999,95.769997,95.769997,1404400
12/7/2017,96.519997,99.970001,96.108002,99.790001,99.790001,1599200
12/8/2017,102.120003,102.959999,99.870003,100.769997,100.769997,1315700
12/11/2017,101.290001,105.114998,101.290001,104.110001,104.110001,1393700
12/12/2017,101.5,104,100.5,101.400002,101.400002,1083700
12/13/2017,101.879997,104.220001,101.860001,103.209999,103.209999,932900
12/14/2017,103.629997,104.650002,102.801003,103.230003,103.230003,617000
12/15/2017,103.629997,106.349998,102.800003,105.220001,105.220001,1246400
12/18/2017,106.410004,108.040001,106.339996,107.620003,107.620003,1254200
12/19/2017,107.629997,107.629997,105.610001,105.730003,105.730003,831100
12/20/2017,106.669998,106.839996,103.610001,105.239998,105.239998,640900
12/21/2017,105.779999,106.589996,104.559998,104.800003,104.800003,478200
12/22/2017,104.129997,104.550003,102.129997,103.860001,103.860001,590100
12/26/2017,102.410004,105.389999,101.550003,104.839996,104.839996,403700
12/27/2017,104.830002,105.199997,103.32,104.5,104.5,478200
12/28/2017,104.790001,105.220001,101.589996,102.389999,102.389999,662600
12/29/2017,102.519997,102.550003,100.400002,101,101,775800
1/2/2018,101.589996,105.720001,101.019997,105.489998,105.489998,1394500
1/3/2018,106.360001,108.120003,106.169998,107.75,107.75,1162700
1/4/2018,108.330002,110.059998,107.209999,109.949997,109.949997,1161000
1/5/2018,110.550003,111.769997,109.019997,110.580002,110.580002,771000
1/8/2018,109.989998,112.690002,109.989998,112.349998,112.349998,748700
1/9/2018,112.349998,113.669998,109.730003,110.730003,110.730003,744100
1/10/2018,109.699997,111.459999,109,111,111,667800
1/11/2018,111.07,111.75,110.5,111.129997,111.129997,639500
1/12/2018,111.290001,114.5,111.089996,112.800003,112.800003,846000
1/16/2018,114.650002,114.660004,111.18,111.919998,111.919998,1175500
1/17/2018,112.559998,115.839996,111.480003,114.910004,114.910004,1226500
1/18/2018,114.480003,116.730003,114.07,114.800003,114.800003,697600
1/19/2018,115.099998,115.809998,114.599998,115.480003,115.480003,692900
1/22/2018,115.440002,119.650002,115.440002,119.43,119.43,1180400
1/23/2018,119.709999,120.059998,115.800003,118.690002,118.690002,1135000
1/24/2018,119.75,121.949997,118.25,119.669998,119.669998,1023800
1/25/2018,121,126.239998,120.330002,124.900002,124.900002,1940600
1/26/2018,126.360001,130.470001,124,129.070007,129.070007,2037400
1/29/2018,129.699997,129.970001,125.220001,127.300003,127.300003,1721500
1/30/2018,121.699997,125.830002,119.089996,124.209999,124.209999,1737900
1/31/2018,126.120003,128.589996,125.580002,127.919998,127.919998,1217500
2/1/2018,127.029999,131.158997,125.699997,126.279999,126.279999,1168100
2/2/2018,125.5,128.679993,123.800003,125.120003,125.120003,1371200
2/5/2018,120.57,127.285004,118.300003,118.300003,118.300003,2324200
2/6/2018,113.809998,122.699997,112.059998,122.139999,122.139999,2705900
2/7/2018,122.75,127.699997,121.410004,123.339996,123.339996,1696000
2/8/2018,124.5,127.07,118.5,118.510002,118.510002,2102300
2/9/2018,120.739998,123.93,114.160004,119.550003,119.550003,2882500
2/12/2018,123.300003,128.949997,122.174004,127.940002,127.940002,2702900
2/13/2018,127.75,130.419998,125.129997,126.059998,126.059998,1987800
2/14/2018,125.099998,138.160004,125.019997,137.559998,137.559998,4236800
2/15/2018,135,140.75,130.300003,137.949997,137.949997,5776500
2/16/2018,135.490005,138.660004,134.110001,137.529999,137.529999,2230900
2/20/2018,136.830002,146.119995,136.619995,142.779999,142.779999,2714600
2/21/2018,136.75,137.339996,132.770004,132.899994,132.899994,5361200
2/22/2018,133.960007,136.524994,133.199997,134.179993,134.179993,2410400
2/23/2018,135.490005,137,133.100006,137,137,1622700
2/26/2018,137.520004,138.320007,135.139999,136.270004,136.270004,1462600
2/27/2018,136.570007,139.440002,135.589996,137.660004,137.660004,1483300
2/28/2018,139.289993,140.5,137.929993,138.210007,138.210007,1395000
3/1/2018,137,139.149994,133.320007,136.850006,136.850006,1802500
3/2/2018,135,137.5,134.470001,136.75,136.75,1178200
3/5/2018,135.169998,139.850006,134,139.289993,139.289993,2027000
3/6/2018,140.149994,143.369995,139.720001,141.509995,141.509995,1352400
3/7/2018,139.949997,144.440002,139,143.679993,143.679993,1486300
3/8/2018,144.619995,148.020004,144.619995,147.410004,147.410004,1925200
3/9/2018,149.419998,150.470001,147.619995,149.160004,149.160004,1418700
3/12/2018,149.729996,150.149994,147.380005,148.149994,148.149994,790900
3/13/2018,148.600006,148.753006,144.509995,145.320007,145.320007,1115600
3/14/2018,145.610001,148.119995,143.880005,146.25,146.25,971500
3/15/2018,147.75,149,146.199997,147.410004,147.410004,866000
3/16/2018,147.210007,148.139999,145.360001,147.220001,147.220001,639600
3/19/2018,145.899994,148.190002,142.929993,145.619995,145.619995,1017600
3/20/2018,145.440002,154.820007,145,153.110001,153.110001,1904400
3/21/2018,153.539993,154,148.259995,149.399994,149.399994,1650200
3/22/2018,147.509995,152.800003,145.330002,145.449997,145.449997,1812900
3/23/2018,145.979996,147.660004,141,141.660004,141.660004,1856700
3/26/2018,145.259995,147.820007,130.5,136.720001,136.720001,5249800
3/27/2018,136.25,139.130005,127.209999,128.820007,128.820007,2833300
3/28/2018,127.5,127.75,120.68,121.599998,121.599998,3657500
3/29/2018,120.900002,126.279999,118.57,124.589996,124.589996,2966600
4/2/2018,124.709999,127.5,120.300003,122.080002,122.080002,1843400
4/3/2018,124,125.480003,117.800003,119.370003,119.370003,1824000
4/4/2018,114.110001,121.349998,112.5,120.669998,120.669998,1486700
4/5/2018,123.75,125.519997,119.599998,120.139999,120.139999,1239900
4/6/2018,118.769997,120.790001,115.959999,117.419998,117.419998,1089900
4/9/2018,119.150002,123.709999,118.099998,118.949997,118.949997,1788600
4/10/2018,122.449997,123.489998,118.949997,122.870003,122.870003,1607400
4/11/2018,121.989998,124.199997,119.360001,119.529999,119.529999,1203200
4/12/2018,120.559998,121.249001,119.129997,120.75,120.75,1997800
4/13/2018,122,122.190002,116.239998,117.510002,117.510002,4578300
4/16/2018,117.830002,118,113.68,116.940002,116.940002,2108700
4/17/2018,118,127.32,117.910004,125.959999,125.959999,2706800
4/18/2018,126.32,128.309998,123.260002,127.559998,127.559998,1771000
4/19/2018,126.120003,129.580002,125.574997,126.669998,126.669998,1356600
4/20/2018,126.5,127.599998,125.285004,126.790001,126.790001,1670300
4/23/2018,127.190002,127.220001,121.150002,122.910004,122.910004,2039500
4/24/2018,123.900002,126.849998,121.510002,123.139999,123.139999,1921200
4/25/2018,123,123.330002,118.544998,120.019997,120.019997,1215400
4/26/2018,121.980003,125.519997,121.980003,124.150002,124.150002,1376200
4/27/2018,126.769997,127.099998,124.199997,126.620003,126.620003,1703900
4/30/2018,128,134.429993,127.010002,133.630005,133.630005,3840400
5/1/2018,125.080002,128.100006,118.809998,127.68,127.68,7356500
5/2/2018,126.849998,129.740005,122.480003,124.809998,124.809998,2964500
5/3/2018,124.809998,135.529999,124.25,135.169998,135.169998,3316500
5/4/2018,134.800003,138.261002,132.630005,136.130005,136.130005,1934000
5/7/2018,137.789993,139.050003,136.589996,138.559998,138.559998,1364200
5/8/2018,139.470001,146.050003,138.610001,143.309998,143.309998,2310200
5/9/2018,144,146.475006,143,146.100006,146.100006,1534200
5/10/2018,146.399994,146.970001,145.710007,146.229996,146.229996,1162200
5/11/2018,146.330002,146.669998,142.710007,144.470001,144.470001,1161600
5/14/2018,145.300003,148.289993,142.229996,142.639999,142.639999,1479500
5/15/2018,145.300003,145.300003,137.630005,142.5,142.5,1140700
5/16/2018,143.020004,144.630005,142.110001,142.279999,142.279999,713300
5/17/2018,142.220001,146.617996,141.899994,146.100006,146.100006,1440200
5/18/2018,145.259995,147.699997,144.729996,147.059998,147.059998,1033400
5/21/2018,148.729996,150.970001,143.419998,144.509995,144.509995,1564000
5/22/2018,140.699997,142.990005,137.309998,138.75,138.75,2760500
5/23/2018,138,141.25,137.5,140.830002,140.830002,997200
5/24/2018,140.490005,143.679993,140.25,143.050003,143.050003,909400
5/25/2018,143.050003,144.660004,142.679993,143.639999,143.639999,654200
5/29/2018,143.320007,145.320007,141.800003,143.289993,143.289993,857400
5/30/2018,144,146.800003,143.690994,145.839996,145.839996,765700
5/31/2018,146.110001,149.979996,145.520004,148.089996,148.089996,1431600
6/1/2018,149.5,151.654999,147.539993,150.800003,150.800003,1307800
6/4/2018,151.929993,157.860001,151.75,156.910004,156.910004,1622400
6/5/2018,157.119995,162,156.839996,161.059998,161.059998,1394400
6/6/2018,162.050003,165.770004,160.259995,165.360001,165.360001,1399600
6/7/2018,166,166.009995,158.880005,161.259995,161.259995,1738800
6/8/2018,159.550003,163.830002,158.5,162.809998,162.809998,1056900
6/11/2018,163.199997,164.904007,160.029999,160.240005,160.240005,1079400
6/12/2018,160.330002,165.889999,160.130005,165.240005,165.240005,1378100
6/13/2018,165,171.130005,163.809998,165.089996,165.089996,2156000
6/14/2018,166.220001,168.860001,166,167.940002,167.940002,1125200
6/15/2018,166.649994,169.358002,164.649994,168.440002,168.440002,841700
6/18/2018,167,172.919998,166.796005,172.839996,172.839996,1261300
6/19/2018,169.800003,172.509995,167.070007,170.610001,170.610001,1092700
6/20/2018,173.669998,175.110001,172.210007,172.25,172.25,965300
6/21/2018,173.479996,173.841003,164.350006,164.539993,164.539993,1764300
6/22/2018,166.520004,166.679993,160.070007,162.529999,162.529999,1232900
6/25/2018,160,160,151.050003,153.210007,153.210007,2180800
6/26/2018,155.75,158.725998,154.115005,155.009995,155.009995,1815500
6/27/2018,155.520004,156.199997,144.279999,144.699997,144.699997,3248400
6/28/2018,143.169998,147.830002,140.399994,146.550003,146.550003,1881000
6/29/2018,147.820007,149.947998,145.350006,145.889999,145.889999,1205000
7/2/2018,142.710007,149.570007,141.369995,149.419998,149.419998,880800
7/3/2018,149.179001,151.949997,147.253998,150.5,150.5,1060800
7/5/2018,153.149994,153.770004,149.960007,152.679993,152.679993,914900
7/6/2018,152.910004,157.339996,152,156.809998,156.809998,1073800
7/9/2018,158.789993,160.399994,154.240005,158.449997,158.449997,997000
7/10/2018,158.619995,160.365005,157.809998,158.979996,158.979996,776500
7/11/2018,157.479996,161.970001,156.270004,160.979996,160.979996,745500
7/12/2018,162.580002,168.199997,162.110001,167.5,167.5,995800
7/13/2018,167.720001,168.115005,163.740005,166.179993,166.179993,877100
7/16/2018,166.130005,169.399994,164.800003,165.350006,165.350006,1262300
7/17/2018,161.710007,170.300003,161.050003,169,169,1200600
7/18/2018,169.25,171.479996,167.031006,170.479996,170.479996,851600
7/19/2018,170,172.100006,168.179993,171.75,171.75,829100
7/20/2018,172,175.289993,171.300003,171.75,171.75,1277800
7/23/2018,171.949997,174.132004,169,173.259995,173.259995,839700
7/24/2018,174.839996,176.598999,166.630005,168.339996,168.339996,1541500
7/25/2018,167.910004,174.029999,165.570007,173.779999,173.779999,1255900
7/26/2018,169.330002,172.240005,168.649994,170.289993,170.289993,1158500
7/27/2018,172.350006,172.350006,159.259995,160.149994,160.149994,2102000
7/30/2018,159.800003,160.470001,147.330002,148.080002,148.080002,2745100
7/31/2018,138.520004,143.770004,133.261002,138.210007,138.210007,7920600
8/1/2018,138.679993,140.218994,134.889999,136.360001,136.360001,2405200
8/2/2018,134.580002,144.210007,132.630005,143.919998,143.919998,2724900
8/3/2018,145,145.470001,140.830002,141.869995,141.869995,1617400
8/6/2018,141.910004,142.410004,138,142.039993,142.039993,1196400
8/7/2018,143.149994,146.639008,141.169998,141.679993,141.679993,1013000
8/8/2018,142.669998,144.139999,140.850006,142.699997,142.699997,817500
8/9/2018,142.210007,147.139999,142.199997,146.440002,146.440002,875200
8/10/2018,145.089996,151.179993,144.149994,149.220001,149.220001,1321600
8/13/2018,149.350006,151.009995,142.410004,142.869995,142.869995,1280000
8/14/2018,144.199997,145.740005,141.550003,144.380005,144.380005,1228400
8/15/2018,142.580002,144.559998,137.110001,138.919998,138.919998,1820300
8/16/2018,140.779999,142.110001,138.850006,139.160004,139.160004,921000
8/17/2018,138.919998,140.240005,135.789993,137.190002,137.190002,1258900
8/20/2018,138,138.334,132.850006,135.970001,135.970001,1517100
8/21/2018,135.119995,137.779999,133.259995,133.440002,133.440002,1425400
8/22/2018,132.339996,138.5,132.339996,137.630005,137.630005,1265200
8/23/2018,138.039993,140.910004,137.050003,137.490005,137.490005,1042000
8/24/2018,139.600006,141.5,138.470993,140.580002,140.580002,1213100
8/27/2018,141.850006,144.75,139,144.039993,144.039993,1386400
8/28/2018,145.600006,146.050003,142.75,145,145,1289500
8/29/2018,145.389999,146.5,143.770004,145.149994,145.149994,936700
8/30/2018,144.600006,146.483994,143.281006,144.809998,144.809998,812300
8/31/2018,143.889999,146.259995,143.389999,145.669998,145.669998,669100
9/4/2018,146.100006,146.929993,143.610001,146.339996,146.339996,912100
9/5/2018,143.669998,144.125,136.5,139.970001,139.970001,2362300
9/6/2018,139.710007,140.455002,132.350006,134.130005,134.130005,1825400
9/7/2018,131.270004,141.179993,130.600006,140.639999,140.639999,2039500
9/10/2018,141.339996,142.550003,139.050003,142.130005,142.130005,1062300
9/11/2018,141.5,148.029999,140.391006,147.759995,147.759995,1320500
9/12/2018,147.759995,153.770004,146.220001,153.130005,153.130005,1711200
9/13/2018,154,158.5,153.949997,155.5,155.5,1259800
9/14/2018,156.990005,158.895004,153.563004,154.770004,154.770004,1247000
9/17/2018,157.919998,159.429993,153.449997,153.630005,153.630005,1654200
9/18/2018,154.5,164.199997,154.5,162.279999,162.279999,1706600
9/19/2018,164,166.5,161.514999,164.600006,164.600006,1637800
9/20/2018,165.380005,168.949997,164.5,167.169998,167.169998,1378300
9/21/2018,166.699997,168.160004,160.610001,161.520004,161.520004,2146400
9/24/2018,159.559998,165.330002,157.399994,162.179993,162.179993,892600
9/25/2018,163.369995,165.139999,159,161.110001,161.110001,1579800
9/26/2018,162.520004,164.800003,159.880005,162,162,860500
9/27/2018,162.259995,164.710007,162.020004,164.449997,164.449997,604300
9/28/2018,164.190002,167.789993,163.059998,164.460007,164.460007,789400
10/1/2018,166.440002,166.860001,162.509995,163.419998,163.419998,868400
10/2/2018,162.460007,164,155.970001,156.600006,156.600006,1566500
10/3/2018,157.509995,162.360001,157.190002,160.199997,160.199997,909500
10/4/2018,159.479996,160.199005,147.800003,148.910004,148.910004,1929900
10/5/2018,149.089996,151.410004,141.070007,145.600006,145.600006,1691300
10/8/2018,143.220001,145.531998,138.089996,140.490005,140.490005,1242000
10/9/2018,140.399994,143.179993,138.755005,140.220001,140.220001,1055500
10/10/2018,139.639999,139.951004,128.009995,130.100006,130.100006,2686300
10/11/2018,126.690002,133.979996,126.68,128.389999,128.389999,2070300
10/12/2018,135.160004,136.970001,130.25,135.199997,135.199997,2034600
10/15/2018,134.990005,137,132.089996,135.699997,135.699997,1114200
10/16/2018,138.679993,146.070007,138.410004,145.830002,145.830002,1391100
10/17/2018,146,146.5,133.869995,137.369995,137.369995,3149000
10/18/2018,136.779999,140.139999,133.559998,134.779999,134.779999,1593000
10/19/2018,135.679993,137.380997,126.199997,127.07,127.07,2229600
10/22/2018,128.389999,135.589996,125.642998,134.369995,134.369995,2356200
10/23/2018,128.339996,133.199997,126.709999,132.160004,132.160004,2366900
10/24/2018,133.115005,134.600006,122.050003,122.269997,122.269997,2315200
10/25/2018,131.360001,138.339996,128.5,136.990005,136.990005,4484700
10/26/2018,129.610001,138.339996,128.449997,132.949997,132.949997,2830900
10/29/2018,136.830002,137.679993,125.080002,128.5,128.5,2156100
10/30/2018,125.349998,132.360001,122.800003,129.139999,129.139999,3029100
10/31/2018,132.5,138.649994,130.529999,138.149994,138.149994,2118800
11/1/2018,138.770004,145.089996,135.669998,144.350006,144.350006,1796500
11/2/2018,144.350006,148.919998,142.259995,145.550003,145.550003,1947600
11/5/2018,143.949997,145,139.759995,141.029999,141.029999,1222500
11/6/2018,141.779999,143.809998,139,140.929993,140.929993,831900
11/7/2018,144.130005,149.5,143.139999,148.190002,148.190002,1528700
11/8/2018,148.210007,150.837997,146.389999,149.539993,149.539993,1299900
11/9/2018,147.289993,147.289993,138.600006,140.899994,140.899994,1726700
11/12/2018,139.289993,139.309998,130.899994,135.539993,135.539993,1687000
11/13/2018,136.5,140.539993,134.169998,138.779999,138.779999,1404500
11/14/2018,140.940002,144.5,139.610001,142.759995,142.759995,1359400
11/15/2018,142.520004,151.270004,141.5,150.089996,150.089996,1868300
11/16/2018,146.669998,151.509995,145.130005,151.020004,151.020004,1218500
11/19/2018,150.300003,151.210007,133.589996,133.75,133.75,2248500
11/20/2018,122.519997,136.419998,122,134.350006,134.350006,2195700
11/21/2018,138.970001,140.119995,132.460007,132.610001,132.610001,1252900
11/23/2018,131.270004,136.199997,129.645996,134.809998,134.809998,673100
11/26/2018,137.880005,144.520004,137.479996,144.440002,144.440002,1581400
11/27/2018,142,146.899994,141.789993,144.470001,144.470001,1056100
11/28/2018,146.410004,150.020004,145.009995,149.960007,149.960007,1255400
11/29/2018,150,151.460007,146.251007,149.039993,149.039993,1133500
11/30/2018,149.029999,152.889999,147.800003,152.660004,152.660004,1071300
12/3/2018,156.559998,159.100006,154,156.389999,156.389999,1496200
12/4/2018,155,159.100006,149.350006,150.199997,150.199997,1481000
12/6/2018,143.089996,157.270004,142.300003,156.899994,156.899994,1639900
12/7/2018,156.979996,159.899994,145.199997,146.880005,146.880005,1636400
12/10/2018,146.070007,151.589996,143.910004,151.5,151.5,1247500
12/11/2018,154.960007,158.830002,153.110001,154.669998,154.669998,1530800
12/12/2018,157.990005,163.770004,157.440002,160.089996,160.089996,1411800
12/13/2018,160.979996,164.130005,159.490005,161.059998,161.059998,1238700
12/14/2018,147.970001,149.020004,140,140.169998,140.169998,6374100
12/17/2018,139.919998,139.919998,128.789993,129.660004,129.660004,5015900
12/18/2018,133.630005,136.199997,131.610001,134.389999,134.389999,2575000
12/19/2018,135,140.529999,131.690002,133.190002,133.190002,2690500
12/20/2018,131.210007,134.960999,121.5,127.709999,127.709999,3429400
12/21/2018,128.300003,128.630005,121.849998,122.410004,122.410004,2483200
12/24/2018,118.949997,122.870003,117.639999,119.099998,119.099998,1306000
12/26/2018,121.379997,130.550003,121.379997,130.210007,130.210007,1627300
12/27/2018,126.440002,132.600006,125.040001,132.399994,132.399994,1461100
12/28/2018,134.119995,136.130005,129.419998,133.460007,133.460007,1376500
12/31/2018,136.020004,140.533997,135.072006,138.449997,138.449997,1684200
1/2/2019,134,139.139999,131.169998,137.600006,137.600006,1232600
1/3/2019,134.759995,136.259995,129.479996,129.789993,129.789993,1219500
1/4/2019,134.509995,139.5,133.160004,138.059998,138.059998,1366100
1/7/2019,139.649994,145.850006,138.740005,144.389999,144.389999,1260000
1/8/2019,147.639999,149.820007,144.009995,145.440002,145.440002,1367700
1/9/2019,146.5,150.330002,144.399994,148.619995,148.619995,1275700
1/10/2019,146.309998,149.970001,144.580002,148.270004,148.270004,965200
1/11/2019,147.309998,150,146.710007,149.429993,149.429993,685300
1/14/2019,147.270004,149.929993,144.690002,149.100006,149.100006,1455200
1/15/2019,149.589996,155.539993,149.589996,154.300003,154.300003,1638200
1/16/2019,155.699997,158.589996,153.300003,158.25,158.25,2142000
1/17/2019,156.600006,159.979996,155.820007,157.690002,157.690002,1242500
1/18/2019,160,160.229996,157.690002,158.429993,158.429993,1142900
1/22/2019,157.229996,158.570007,154.100006,156.279999,156.279999,1036400
1/23/2019,158.199997,160.199997,154.479996,156.600006,156.600006,793500
1/24/2019,156.479996,159.399994,156.25,158.410004,158.410004,655200
1/25/2019,160,163.639999,159.785004,162.820007,162.820007,980300
1/28/2019,159.679993,161.182007,158.380005,159.440002,159.440002,807200
1/29/2019,160,160.5,154.520004,157.110001,157.110001,1040900
1/30/2019,159.970001,162.979996,158,162.429993,162.429993,712400
1/31/2019,162.470001,169.600006,161.919998,168.470001,168.470001,1661600
2/1/2019,168.360001,171,167.509995,170.589996,170.589996,1248400
2/4/2019,170.619995,174.649994,170.259995,173.550003,173.550003,1172000
2/5/2019,173.649994,176.880005,173.360001,173.570007,173.570007,969500
2/6/2019,172.369995,174.5,170.699997,173.600006,173.600006,736300
2/7/2019,171.279999,174.179993,171.087997,171.800003,171.800003,1408200
2/8/2019,170.220001,176.990005,169.600006,175.949997,175.949997,979500
2/11/2019,178.050003,180,172.934998,173.169998,173.169998,2220100
2/12/2019,163.649994,175.889999,160.630005,175.550003,175.550003,5928000
2/13/2019,178.190002,180,171.039993,172.020004,172.020004,2982700
2/14/2019,171.089996,177.240005,169.559998,176.520004,176.520004,1607600
2/15/2019,177.100006,178.720001,173.710007,178.190002,178.190002,1129200
2/19/2019,177.039993,185.070007,177.039993,181.300003,181.300003,2282800
2/20/2019,181.649994,184.190002,177.460007,179.210007,179.210007,1330600
2/21/2019,179.639999,180.358994,177.179993,178.470001,178.470001,974400
2/22/2019,180,183.660004,179.356995,183.630005,183.630005,1017600
2/25/2019,185.820007,188.759995,184.479996,187.5,187.5,1271600
2/26/2019,186.080002,187.929993,183.850006,185.029999,185.029999,1045100
2/27/2019,185.169998,189.259995,184.800003,189.199997,189.199997,908200
2/28/2019,188.279999,191.130005,187.490005,189.149994,189.149994,865400
3/1/2019,190.850006,192.779999,189.292007,191.520004,191.520004,1126200
3/4/2019,192.380005,194.802994,182.369995,186.470001,186.470001,1606200
3/5/2019,186.570007,189.160004,184.350006,187.5,187.5,1005800
3/6/2019,187.5,188.770004,184.110001,187.369995,187.369995,723800
3/7/2019,186.509995,190.380005,184.800003,186.940002,186.940002,734900
3/8/2019,182.179993,190,181,189.759995,189.759995,1262700
3/11/2019,190.990005,200.740005,190.990005,200.389999,200.389999,2058500
3/12/2019,201,203.789993,197.050003,202.470001,202.470001,1328700
3/13/2019,203.5,206.949997,202.360001,205.509995,205.509995,1177500
3/14/2019,204.320007,209.589996,203.389999,208.229996,208.229996,1219000
3/15/2019,208.869995,209.410004,203.619995,205.979996,205.979996,2337300
3/18/2019,204.5,205.919998,201.449997,205.770004,205.770004,1248800
3/19/2019,207.699997,208,197.653,202.089996,202.089996,2215400
3/20/2019,200.529999,203.100006,198.729996,201.339996,201.339996,1401600
3/21/2019,200.320007,205.199997,198.815002,205,205,1721000
3/22/2019,204.399994,204.690002,198.610001,198.75,198.75,1530100
3/25/2019,198.050003,202.75,196.470001,201.449997,201.449997,1257500
3/26/2019,203.630005,207.410004,202.729996,204.369995,204.369995,1165900
3/27/2019,205.660004,205.720001,196.610001,200.080002,200.080002,1020400
3/28/2019,200.830002,203.75,197,203.449997,203.449997,1114000
3/29/2019,205.880005,207.5,203.190002,206.619995,206.619995,810100
4/1/2019,208.429993,210.100006,203.119995,206.039993,206.039993,1103200
4/2/2019,205.600006,206.050003,198.449997,201.460007,201.460007,2454900
4/3/2019,201.979996,205.800003,198.889999,205.119995,205.119995,2011000
4/4/2019,204.539993,205.009995,190.380005,194.75,194.75,4762100
4/5/2019,195.589996,198.020004,194.889999,196.649994,196.649994,1489900
4/8/2019,196.649994,200.889999,195.320007,200.240005,200.240005,1291300
4/9/2019,198.259995,204.220001,197.341003,203.960007,203.960007,1248200
4/10/2019,204.360001,207.440002,202.509995,206.5,206.5,880300
4/11/2019,207.580002,211.539993,206.309998,210.990005,210.990005,1334700
4/12/2019,212.820007,214.929993,212.110001,214.830002,214.830002,1197000
4/15/2019,214.830002,219.899994,213.619995,218.029999,218.029999,1759500
4/16/2019,219.779999,221.820007,213.610001,215.399994,215.399994,1338200
4/17/2019,216.800003,218.330002,211.309998,217.050003,217.050003,1064000
4/18/2019,217.130005,220.779999,213.130005,220.720001,220.720001,1287700
4/22/2019,220,225.990005,219.169998,224.289993,224.289993,1316500
4/23/2019,226.5,227.389999,222.100006,223.440002,223.440002,1881300
4/24/2019,224.600006,224.600006,218.623993,219.809998,219.809998,2023100
4/25/2019,220.690002,222.190002,216.619995,218.970001,218.970001,1667300
4/26/2019,219,225.179993,219,222.279999,222.279999,1388600
4/29/2019,225.330002,228.740005,223.529999,225.789993,225.789993,1940300
4/30/2019,226.440002,247.5,226.440002,243.529999,243.529999,6223400
5/1/2019,242.850006,252.302002,237.389999,245.160004,245.160004,3184300
5/2/2019,245.880005,260.820007,245.5,255.539993,255.539993,4054200
5/3/2019,259,266.399994,254.789993,264.029999,264.029999,3349900
5/6/2019,257.200012,266.720001,255.119995,265.519989,265.519989,2916900
5/7/2019,264.359985,266.5,254.699997,258.690002,258.690002,2589400
5/8/2019,258.700012,264.619995,257.51001,261.51001,261.51001,1847500
5/9/2019,258.880005,261.359985,254.119995,260.619995,260.619995,1831000
5/10/2019,260.429993,262.98999,252.639999,258.829987,258.829987,1674900
5/13/2019,247.910004,253.063004,245.619995,250.789993,250.789993,1938800
5/14/2019,245,254.020004,242.229996,253.149994,253.149994,2097100
5/15/2019,250.610001,265.420013,250.039993,264.160004,264.160004,1931600
5/16/2019,265.359985,279.480011,265.100006,278.01001,278.01001,2975700
5/17/2019,276.679993,279.440002,271.579987,273.5,273.5,1667200
5/20/2019,270.029999,273,264.73999,267.190002,267.190002,1856100
5/21/2019,272.040009,273.597992,269.51001,272.809998,272.809998,1110400
5/22/2019,271.709991,280.950012,271.390015,279,279,1252000
5/23/2019,275,277.980011,268,271.619995,271.619995,1530300
5/24/2019,274.5,278.880005,272.515015,275.850006,275.850006,1163400
5/28/2019,278.350006,285.959991,278.299988,282.429993,282.429993,1538900
5/29/2019,280,280.299988,270.519989,272.679993,272.679993,1673800
5/30/2019,275.100006,277.820007,270.799988,277.049988,277.049988,1290900
5/31/2019,273.359985,278.970001,272.160004,274.899994,274.899994,1087800
6/3/2019,274.279999,277.51001,262.170013,265,265,2535800
6/4/2019,268.470001,274.100006,264.109985,274,274,1603000
6/5/2019,277.220001,292.859985,277.119995,292.519989,292.519989,2342100
6/6/2019,291.839996,299.109985,289.01001,297.059998,297.059998,1867300
6/7/2019,298.660004,309.369995,298.399994,305.049988,305.049988,2344700
6/10/2019,309.149994,315.600006,304.440002,306.730011,306.730011,1716100
6/11/2019,309.600006,311.51001,298.570007,306.709991,306.709991,1847800
6/12/2019,304.480011,312.700012,302,310.140015,310.140015,1124000
6/13/2019,312.910004,314.095001,305.640015,306.98999,306.98999,1043400
6/14/2019,305.410004,306.420013,301.940002,305.109985,305.109985,751000
6/17/2019,304.450012,307.880005,303.049988,305.850006,305.850006,703500
6/18/2019,310,311.380005,303.73999,304.209991,304.209991,1104900
6/19/2019,305.51001,327.690002,302.399994,327.019989,327.019989,2980200
6/20/2019,331.5,338.940002,326,328.01001,328.01001,3108800
6/21/2019,328,331.369995,324.100006,326.850006,326.850006,1446000
6/24/2019,323.339996,324.480011,311.049988,311.829987,311.829987,2179600
6/25/2019,306.98999,309.630005,281.75,284.040009,284.040009,4953000
6/26/2019,289.019989,295.519989,281.690002,289.029999,289.029999,2334000
6/27/2019,290.5,302.440002,289.5,300.959991,300.959991,1814500
6/28/2019,303.299988,304.290009,292.339996,300.149994,300.149994,1500900
7/1/2019,308.600006,308.769989,300.329987,304.679993,304.679993,1344000
7/2/2019,305.390015,314.660004,305,311.959991,311.959991,1298800
7/3/2019,310.890015,318.339996,310.279999,313.329987,313.329987,966400
7/5/2019,311.01001,313.929993,303.410004,313.720001,313.720001,1318300
7/8/2019,314.440002,329.799988,312.959991,321,321,2548700
7/9/2019,322.410004,324.429993,319.5,321.980011,321.980011,1740700
7/10/2019,324.529999,326.98999,318.51001,319.01001,319.01001,1275700
7/11/2019,319,319.789001,314.23999,315,315,1238300
7/12/2019,315,315.778015,302.570007,310.019989,310.019989,2024800
7/15/2019,309.940002,324.290009,306.016998,324.019989,324.019989,1841300
7/16/2019,323.660004,324.799988,315.869995,317.390015,317.390015,1336900
7/17/2019,319.320007,336.950012,319.03299,325.320007,325.320007,3748200
7/18/2019,325.75,333.26001,322.609985,331.149994,331.149994,1699800
7/19/2019,333.149994,339,329.679993,330,330,1478900
7/22/2019,331.920013,340.835999,331.51001,335.23999,335.23999,1870900
7/23/2019,337,338.959991,328.600006,330.220001,330.220001,1664100
7/24/2019,330.51001,331.825989,324.109985,329.570007,329.570007,1888900
7/25/2019,330.910004,338.73999,327.746002,333.339996,333.339996,1498400
7/26/2019,332.940002,338.970001,332.320007,336.540009,336.540009,1120200
7/29/2019,336.350006,337.029999,313.531006,319.709991,319.709991,2223400
7/30/2019,314,322.339996,310.359985,314.299988,314.299988,1776100
7/31/2019,316.51001,320.980011,310.359985,317.880005,317.880005,1836300
8/1/2019,334.01001,350.790009,328.01001,341.390015,341.390015,4612800
8/2/2019,341.230011,341.230011,322.670013,332.190002,332.190002,1980600
8/5/2019,313.869995,327.5,313.390015,321.390015,321.390015,2391300
8/6/2019,327.410004,333.380005,324.399994,332.670013,332.670013,1772600
8/7/2019,330.079987,342.829987,328.529999,341.309998,341.309998,1767900
8/8/2019,344.01001,358.579987,342.339996,357.809998,357.809998,1885200
8/9/2019,354.5,371.630005,354.25,369.950012,369.950012,2361400
8/12/2019,367,372.359985,361.25,366.730011,366.730011,1777600
8/13/2019,364,370.700012,355.329987,369.230011,369.230011,1921900
8/14/2019,360.369995,366.940002,347.549988,352.799988,352.799988,2397700
8/15/2019,355,359.5,347.679993,351.070007,351.070007,1582200
8/16/2019,356.089996,361.070007,351.458008,358.73999,358.73999,1320600
8/19/2019,363.73999,365.910004,359.109985,361.829987,361.829987,1200700
8/20/2019,361.459991,376.299988,359.320007,374.970001,374.970001,2071700
8/21/2019,381.429993,391.450012,377.5,389.829987,389.829987,2421200
8/22/2019,391.880005,392.829987,380.019989,388.540009,388.540009,2084800
8/23/2019,387.98999,401.164001,381.25,382.75,382.75,2902400
8/26/2019,388.609985,397.959991,384.119995,395.959991,395.959991,1996200
8/27/2019,402.700012,409.609985,398.5,406.98999,406.98999,2791900
8/28/2019,406.369995,407.880005,390.820007,394.799988,394.799988,2743600
8/29/2019,402.25,403,391.709991,391.709991,391.709991,2407400
8/30/2019,393.619995,394.440002,371.730011,385.390015,385.390015,2922600
9/3/2019,384,392.799988,380.200012,383.910004,383.910004,1965500
9/4/2019,389.700012,391.48999,382.5,386.48999,386.48999,1339900
9/5/2019,387.700012,392.994995,380.380005,392.720001,392.720001,2218500
9/6/2019,393.48999,395.75,380.140015,380.420013,380.420013,1723700
9/9/2019,384.019989,384.019989,350.325012,358.670013,358.670013,4518100
9/10/2019,352.5,355.309998,335.089996,337.23999,337.23999,5254600
9/11/2019,338.399994,350.700012,336.100006,347.51001,347.51001,3215200
9/12/2019,354.970001,360.820007,351.109985,356.630005,356.630005,3080000
9/13/2019,356.529999,357.5,337.640015,338.309998,338.309998,2676600
9/16/2019,328.51001,343.450012,324.51001,337.929993,337.929993,2855300
9/17/2019,324.589996,334.730011,323.429993,328.820007,328.820007,5533500
9/18/2019,331.070007,331.890015,317.549988,325.850006,325.850006,2701100
9/19/2019,328.339996,331.850006,321.220001,325,325,1766900
9/20/2019,324.98999,330.899994,312,318.820007,318.820007,2783200
9/23/2019,317.779999,325.470001,310.713989,313.26001,313.26001,2469300
9/24/2019,313.559998,315.839996,287.570007,295.470001,295.470001,5263400
9/25/2019,292,315.825012,286.070007,314.600006,314.600006,5484400
9/26/2019,314.820007,316.190002,302.359985,313.140015,313.140015,2935900
9/27/2019,314,316.399994,301.709991,305.690002,305.690002,2181200
9/30/2019,304.690002,316.48999,302.029999,311.660004,311.660004,2060200
10/1/2019,311.660004,320,308.799988,313.220001,313.220001,2010700
10/2/2019,309.640015,311.170013,300.700012,310.359985,310.359985,2206200
10/3/2019,311.440002,326.600006,304.175995,325.570007,325.570007,3137200
10/4/2019,327.470001,330.450012,320.100006,327.200012,327.200012,2754000
10/7/2019,326.820007,331.570007,322.160004,326.320007,326.320007,1400600
10/8/2019,322.5,325.690002,310.799988,311.049988,311.049988,1967300
10/9/2019,313.5,316.709991,311.670013,313.850006,313.850006,1448800
10/10/2019,314.470001,329.290009,311.01001,324.470001,324.470001,2175800
10/11/2019,330.869995,337.329987,324.459991,329.26001,329.26001,2261200
10/14/2019,328.98999,346.029999,328.670013,344.299988,344.299988,2122400
10/15/2019,347.100006,349.440002,343.700012,346.079987,346.079987,2033400
10/16/2019,342.01001,343.649994,322.23999,323.640015,323.640015,2489200
10/17/2019,326.5,333.920013,324,331.339996,331.339996,1684300
10/18/2019,332,335,312.130005,314.339996,314.339996,2657600
10/21/2019,317,326.559998,311.609985,319.730011,319.730011,1797200
10/22/2019,323.5,326.799988,295.299988,299.690002,299.690002,3090400
10/23/2019,298.209991,309.772003,291.059998,297.140015,297.140015,2366000
10/24/2019,301.959991,324.23999,301.029999,323.339996,323.339996,3133500
10/25/2019,316.720001,321.359985,309.119995,317.450012,317.450012,2241600
10/28/2019,322.48999,329.179993,312.820007,324.929993,324.929993,2842500
10/29/2019,306,321.880005,298.640015,312.519989,312.519989,5351800
10/30/2019,313.320007,319.940002,308.459991,319.119995,319.119995,2041800
10/31/2019,316.410004,319.850006,308.73999,313.570007,313.570007,1789400
11/1/2019,316.25,322.079987,312.869995,316.76001,316.76001,1600500
11/4/2019,318.380005,321,303.769989,307.910004,307.910004,2622600
11/5/2019,308.089996,309.049988,294.462006,295.5,295.5,2806000
11/6/2019,296.920013,300.700012,291.51001,295.019989,295.019989,1635900
11/7/2019,295.549988,297.48999,282.440002,285.75,285.75,2448900
11/8/2019,282.079987,298.809998,282.079987,297.640015,297.640015,2467200
11/11/2019,296.040009,305.200012,293.459991,303.320007,303.320007,1747800
11/12/2019,301.820007,310.748993,301.820007,305.559998,305.559998,1677200
11/13/2019,305,314.839996,302.640015,314.309998,314.309998,1964200
11/14/2019,314.320007,319.890015,309.355011,312.450012,312.450012,1653500
11/15/2019,314.929993,315.309998,309.700012,312.380005,312.380005,1020500
11/18/2019,312.730011,325.829987,310.350006,322.980011,322.980011,1743500
11/19/2019,323.230011,325.779999,314.51001,316.279999,316.279999,1428400
11/20/2019,314.380005,325.118011,312,317.049988,317.049988,1656900
11/21/2019,317.5,321.980011,314.200012,316.070007,316.070007,1353100
11/22/2019,318.76001,320,309.733002,314.519989,314.519989,1116300
11/25/2019,315.089996,318.73999,312.320007,317.070007,317.070007,1371800
11/26/2019,317.940002,337.170013,317.079987,336.190002,336.190002,2876600
11/27/2019,337.51001,342.649994,330.079987,341,341,2413600
11/29/2019,339.899994,344,335.51001,336.75,336.75,1206700
12/2/2019,336,336,311.532013,330.839996,330.839996,2970200
12/3/2019,321.01001,351.309998,320,350.660004,350.660004,3269800
12/4/2019,350,376.910004,349.51001,372,372,5600800
12/5/2019,371.029999,376.589996,360.26001,363.589996,363.589996,3242200
12/6/2019,367.799988,372.290009,360.75,364.600006,364.600006,2198700
12/9/2019,365.179993,381.109985,364,369.790009,369.790009,4074600
12/10/2019,373.51001,373.970001,364.54599,368,368,1514700
12/11/2019,368.410004,374.5,365.51001,373.079987,373.079987,1837900
12/12/2019,372,376.299988,364.910004,372.049988,372.049988,2171400
12/13/2019,370.450012,392,370.450012,385.570007,385.570007,3257000
12/16/2019,389.73999,396.670013,383,393.630005,393.630005,2621700
12/17/2019,393,397,380.630005,387.950012,387.950012,2464100
12/18/2019,391.019989,404.799988,390.535004,396.940002,396.940002,3070700
12/19/2019,395.589996,401.980011,391.269989,393.059998,393.059998,1941000
12/20/2019,393.049988,398.696014,387.51001,390.070007,390.070007,1684200
12/23/2019,392.869995,398.709991,388.029999,389.130005,389.130005,1429000
12/24/2019,389.809998,400.640015,386.140015,399.390015,399.390015,1527300
12/26/2019,402.76001,416.600006,402.399994,408.75,408.75,2349800
12/27/2019,411.51001,415.799988,403.109985,408,408,1913300
12/30/2019,408.380005,409.320007,392.109985,396.359985,396.359985,1826900
12/31/2019,394.959991,403.940002,391.01001,397.579987,397.579987,1122200
1/2/2020,403.98999,408.23999,398.359985,407.809998,407.809998,1396700
1/3/2020,401.600006,408.403015,397,404.290009,404.290009,1031700
1/6/2020,398.589996,413.519989,395.420013,413.329987,413.329987,1686000
1/7/2020,415.75,422.480011,410.119995,414.5,414.5,1552900
1/8/2020,413.929993,422.545013,411.859985,418.100006,418.100006,1550100
1/9/2020,423.100006,431.709991,421.790009,430.200012,430.200012,1784400
1/10/2020,432.48999,438.559998,427.670013,429.170013,429.170013,1804100
1/13/2020,434.98999,446.744995,433.75,440.25,440.25,1999800
1/14/2020,442.769989,445.920013,430.5,441.220001,441.220001,1505500
1/15/2020,441.920013,453,441.220001,448.51001,448.51001,1632900
1/16/2020,452.73999,453.779999,446.640015,451.299988,451.299988,1466900
1/17/2020,452.730011,458.910004,452,454.880005,454.880005,1869200
1/21/2020,454.98999,472.859985,454.089996,465.440002,465.440002,2138700
1/22/2020,470,476.786011,463.170013,464.76001,464.76001,2358400
1/23/2020,464.769989,473,460,469.25,469.25,2445000
1/24/2020,474,476.51001,457.829987,465.480011,465.480011,2141100
1/27/2020,447.619995,459.899994,436.73999,451.109985,451.109985,2247400
1/28/2020,453.5,468.670013,451.100006,467.660004,467.660004,1536100
1/29/2020,473.390015,480.04599,470.450012,471.670013,471.670013,1808500
1/30/2020,470.5,478.149994,464.660004,476.880005,476.880005,1507100
1/31/2020,480.579987,482.869995,463.019989,465.660004,465.660004,2180200
2/3/2020,468.25,474.880005,457.25,469.390015,469.390015,1853100
2/4/2020,476.390015,487.679993,471.790985,485.459991,485.459991,1779800
2/5/2020,493.5,495,467.958008,475.559998,475.559998,2131700
2/6/2020,473.160004,475.730011,462.5,472.980011,472.980011,1673200
2/7/2020,472,481.730011,466.779999,478.690002,478.690002,1194400
2/10/2020,479.109985,491.692993,476.529999,491.690002,491.690002,1865000
2/11/2020,494.070007,499.880005,489.109985,492.75,492.75,2693000
2/12/2020,568.900024,593.890015,529,531.25,531.25,9779400
2/13/2020,533.01001,554.780029,530.70697,532.969971,532.969971,4522500
2/14/2020,541,542.200012,523.330017,531.219971,531.219971,2208200
2/18/2020,534,548.880005,532,536.409973,536.409973,2446400
2/19/2020,544.049988,549.684998,538.640015,543.210022,543.210022,1785800
2/20/2020,542.690002,547.184998,507.399994,535.580017,535.580017,2466900
2/21/2020,531.23999,534.599976,511.609985,520.659973,520.659973,1925800
2/24/2020,482,504.045013,476,490.959991,490.959991,3288000
2/25/2020,500,502.429993,456.459991,466.459991,466.459991,3408400
2/26/2020,459.25,484,459.040009,471.179993,471.179993,2532000
2/27/2020,452.279999,467.933014,427.934998,438.369995,438.369995,3701700
2/28/2020,422.63501,463.309998,420.5,463.309998,463.309998,3474600
3/2/2020,483.200012,488.75,461.596008,488.399994,488.399994,3255500
3/3/2020,501.480011,503,467.519989,476.940002,476.940002,3157200
3/4/2020,489,514,486,512.22998,512.22998,2694500
3/5/2020,495,512.375,491.25,498.220001,498.220001,2460200
3/6/2020,480,491.200012,459.147003,472.070007,472.070007,2913500
3/9/2020,430.820007,446.079987,416.51001,418.320007,418.320007,2986600
3/10/2020,445,450.5,420.630005,450.339996,450.339996,2864100
3/11/2020,435.25,442,406.329987,422.309998,422.309998,2812600
3/12/2020,371,403.570007,366.100006,377.779999,377.779999,4419400
3/13/2020,404,406.420013,363.01001,390.899994,390.899994,3314400
3/16/2020,339,362,321.5,322.290009,322.290009,4179900
3/17/2020,330.019989,358,307.670013,355.089996,355.089996,4240800
3/18/2020,326.339996,358.556,305.299988,336.829987,336.829987,3522400
3/19/2020,336.160004,345.730011,316,332.5,332.5,3247200
3/20/2020,345,372.542999,342,346.059998,346.059998,4295700
3/23/2020,346.540009,384.179993,335.119995,375.390015,375.390015,3650900
3/24/2020,412.76001,432.98999,406.67099,430,430,3504700
3/25/2020,435.940002,470.570007,432.109985,446.600006,446.600006,3563200
3/26/2020,454.399994,470.480011,435.299988,447.410004,447.410004,3093800
3/27/2020,427.609985,433.359985,412.019989,421.619995,421.619995,2569300
3/30/2020,423.48999,434.890015,412.010986,430.380005,430.380005,1598800
3/31/2020,428.079987,439.589996,414,416.929993,416.929993,1950100
4/1/2020,402.98999,406,381.529999,384.670013,384.670013,2272700
4/2/2020,350,365.940002,334.549988,346.299988,346.299988,5205500
4/3/2020,358.029999,363.790009,345,357.649994,357.649994,2615900
4/6/2020,380,393.570007,369.299988,392.649994,392.649994,2766600
4/7/2020,408.98999,408.98999,374.019989,378.540009,378.540009,3214200
4/8/2020,383,417.570007,381.309998,414.51001,414.51001,3353200
4/9/2020,422.51001,439,413,417.73999,417.73999,2935400
4/13/2020,423.700012,453.351013,417.809998,447.450012,447.450012,3120200
4/14/2020,467.029999,501.470001,461.339996,496.059998,496.059998,3746600
4/15/2020,481.119995,500.440002,477.109985,497.170013,497.170013,2684300
4/16/2020,508.5,529.130005,502.01001,526.429993,526.429993,3704900
4/17/2020,540.5,591.830017,539,590.390015,590.390015,6141700
4/20/2020,585,644.950012,584,629.900024,629.900024,6830500
4/21/2020,647,665.73999,556.01001,585,585,11050700
4/22/2020,615.98999,635,603.200012,626.559998,626.559998,5031600
4/23/2020,631.299988,639.840027,610.390015,620.48999,620.48999,4383900
4/24/2020,624,651.98999,605.599976,643.190002,643.190002,5451400
4/27/2020,662.599976,662.599976,623.039978,628.580017,628.580017,4030000
4/28/2020,634,639.76001,610.099976,633.650024,633.650024,3685700
4/29/2020,637,645.549988,621.130005,639.98999,639.98999,2403900
4/30/2020,625,645.97998,623,632.289978,632.289978,2438000
5/1/2020,615,627.859985,595.030029,613.640015,613.640015,2521200
5/4/2020,620.640015,658.900024,617.01001,658.890015,658.890015,2759800
5/5/2020,670,704.690002,662,686.109985,686.109985,5143700
5/6/2020,672.880005,739.23999,669,733.530029,733.530029,6925200
5/7/2020,719.940002,738.710022,715,722.76001,722.76001,4603400
5/8/2020,705.549988,721,703,708.969971,708.969971,4084100
5/11/2020,706.960022,752.5,703.780029,750.340027,750.340027,3667300
5/12/2020,769,770.950012,733.950012,742.280029,742.280029,3696100
5/13/2020,750,768.590027,717.289978,754.380005,754.380005,4369600
5/14/2020,749.890015,758.090027,733,754.289978,754.289978,2847500
5/15/2020,754.299988,774.789978,751.25,767,767,3023500
5/18/2020,770,770.72998,733,738.02002,738.02002,3675100
5/19/2020,745.419983,765,713.190002,753.01001,753.01001,5264400
5/20/2020,768,778,751.73999,778,778,3239000
5/21/2020,791.859985,809.869995,782.070007,802.349976,802.349976,4136500
5/22/2020,804.630005,826.380005,793.640015,825.169983,825.169983,2773600
5/26/2020,842,844,742.369995,767.890015,767.890015,6465100
5/27/2020,755.01001,757,685,750,750,6859600
5/28/2020,728.01001,770.400024,727.825012,744.429993,744.429993,3753000
5/29/2020,756.150024,769.390015,738,757.799988,757.799988,3306900
6/1/2020,754.719971,759.25,739.52002,758,758,1843300
6/2/2020,764.429993,784.299988,744,779.5,779.5,2664400
6/3/2020,777.929993,779.080017,758.379028,762.02002,762.02002,1892000
6/4/2020,763.909973,777.219971,726.034973,735.190002,735.190002,2767200
6/5/2020,721.099976,740.859985,702.02002,727.77002,727.77002,2477300
6/8/2020,715,731.150024,708.01001,730.669983,730.669983,1889500
